{"cameraMode":{"drawMode":0,"name":"Shaded","section":"Shading Mode"},"sceneLighting":true,"audioPlay":false,"sceneViewState":{"m_AlwaysRefresh":false,"showFog":true,"showSkybox":true,"showFlares":true,"showImageEffects":true,"showParticleSystems":true,"showVisualEffectGraphs":true,"m_FxEnabled":true},"in2DMode":false,"pivot":{"x":329.80084228515627,"y":153.96957397460938,"z":-1075.2281494140625},"rotation":{"x":-0.021348387002944948,"y":-0.9685444831848145,"z":0.23149093985557557,"w":-0.08917639404535294},"size":40.260135650634769,"orthographic":false}