{"cameraMode":{"drawMode":0,"name":"Shaded","section":"Shading Mode"},"sceneLighting":true,"audioPlay":false,"sceneViewState":{"m_AlwaysRefresh":false,"showFog":true,"showSkybox":true,"showFlares":true,"showImageEffects":true,"showParticleSystems":true,"showVisualEffectGraphs":true,"m_FxEnabled":true},"in2DMode":false,"pivot":{"x":403.48980712890627,"y":60.35335922241211,"z":-823.7559814453125},"rotation":{"x":0.11061996966600418,"y":-0.8893243670463562,"z":0.31872043013572695,"w":0.30878785252571108},"size":2.7300496101379396,"orthographic":false}