{"cameraMode":{"drawMode":0,"name":"Shaded","section":"Shading Mode"},"sceneLighting":true,"audioPlay":false,"sceneViewState":{"m_AlwaysRefresh":false,"showFog":true,"showSkybox":true,"showFlares":true,"showImageEffects":true,"showParticleSystems":true,"showVisualEffectGraphs":true,"m_FxEnabled":true},"in2DMode":false,"pivot":{"x":330.0328063964844,"y":162.26303100585938,"z":-1131.779541015625},"rotation":{"x":-0.0008502741693519056,"y":-0.9997180104255676,"z":-0.010256757959723473,"w":-0.04745249077677727},"size":5.393573760986328,"orthographic":false}