{"cameraMode":{"drawMode":0,"name":"Shaded","section":"Shading Mode"},"sceneLighting":true,"audioPlay":false,"sceneViewState":{"m_AlwaysRefresh":false,"showFog":true,"showSkybox":false,"showFlares":true,"showImageEffects":true,"showParticleSystems":true,"showVisualEffectGraphs":true,"m_FxEnabled":true},"in2DMode":false,"pivot":{"x":377.80853271484377,"y":28.20550537109375,"z":-761.3807373046875},"rotation":{"x":0.011483853682875634,"y":0.9775023460388184,"z":-0.05550803616642952,"w":0.20375509560108186},"size":12.12435531616211,"orthographic":false}