{"cameraMode":{"drawMode":0,"name":"Shaded","section":"Shading Mode"},"sceneLighting":true,"audioPlay":false,"sceneViewState":{"m_AlwaysRefresh":false,"showFog":true,"showSkybox":true,"showFlares":true,"showImageEffects":true,"showParticleSystems":true,"showVisualEffectGraphs":true,"m_FxEnabled":true},"in2DMode":false,"pivot":{"x":357.1116027832031,"y":37.028133392333987,"z":-959.3290405273438},"rotation":{"x":-0.16555634140968324,"y":0.14578263461589814,"z":0.02571893483400345,"w":0.9752940535545349},"size":6.694255828857422,"orthographic":false}